<?xml version="1.0" encoding="UTF-8"?>
<beans xmlns="http://www.springframework.org/schema/beans"
       xmlns:xsi="http://www.w3.org/2001/XMLSchema-instance"
       xmlns:context="http://www.springframework.org/schema/context"
       xmlns:p="http://www.springframework.org/schema/p"
       xmlns:util="http://www.springframework.org/schema/util"
       xmlns:frame="http://frame.commerzbank.com/spring"
       xmlns:jpa="http://www.springframework.org/schema/data/jpa"
       xmlns:tx="http://www.springframework.org/schema/tx"
       xsi:schemaLocation=" http://www.springframework.org/schema/beans
                            http://www.springframework.org/schema/beans/spring-beans.xsd
		                    http://www.springframework.org/schema/context
		                    http://www.springframework.org/schema/context/spring-context.xsd
                            http://www.springframework.org/schema/data/jpa
                            http://www.springframework.org/schema/data/jpa/spring-jpa.xsd
		http://www.springframework.org/schema/util                  http://www.springframework.org/schema/util/spring-util.xsd
		http://frame.commerzbank.com/spring                         http://frame.commerzbank.com/spring/frame.xsd http://www.springframework.org/schema/data/jpa http://www.springframework.org/schema/data/jpa/spring-jpa.xsd">

    <context:component-scan base-package="xxx.xxx.domains.authorization" />


    <!--AO DODANIE NOWEGO POLACZENIA DO BAZY  -->
    <!--<bean id="dataSource2" class="org.apache.commons.dbcp.BasicDataSource" destroy-method="close">-->
    <bean id="dataSource2" class="org.springframework.jdbc.datasource.SingleConnectionDataSource">
        <property name="driverClassName" value="oracle.jdbc.driver.OracleDriver"/>
        <property name="url" value="jdbc:oracle:thin:@xxx.com:1521:xxx"/>
        <property name="username" value="xxx"/>
        <property name="password" value="xxx"/>
        <property name="suppressClose"><value>true</value></property><!--FIX na to ze zamyka sie polaczenie ze storny http://forum.spring.io/forum/spring-projects/data/746-singleconnectiondatasource-configuration-problem-->
    </bean>

    <!-- JDBC Template -->
    <bean id="jdbcTemplate" class="org.springframework.jdbc.core.JdbcTemplate">
        <property name="dataSource" ref="dataSource2"/>
    </bean>

    <!-- JDBC Template NAMED -->
    <bean id="namedParameterJdbcTemplate" class="org.springframework.jdbc.core.namedparam.NamedParameterJdbcTemplate">
        <constructor-arg ref="dataSource2"/>
        <qualifier value="namedParameterJdbcTemplate"></qualifier>
    </bean>


    <!--START https://stackoverflow.com/questions/23974249/spring-data-jpa-without-spring-boot-->

    <!--<context:property-placeholder location="/spring/jdbc.properties" />-->


    <bean id="hibernateJpaVendorAdapter"
          class="org.springframework.orm.jpa.vendor.HibernateJpaVendorAdapter" />

    <!-- Configure the entity manager factory bean opis na https://kobietydokodu.pl/13-2-baza-danych-z-jpa-cz-2/-->
    <bean id="entityManagerFactory"
          class="org.springframework.orm.jpa.LocalContainerEntityManagerFactoryBean">
        <property name="dataSource" ref="dataSource2" />
        <property name="jpaVendorAdapter" ref="hibernateJpaVendorAdapter" />
        <!-- Set JPA properties -->
        <property name="jpaProperties">
            <props>
                <prop key="hibernate.dialect">${hibernate.dialect}</prop>
                <prop key="hibernate.show_sql">true</prop>
                <prop key="hibernate.format_sql">true</prop>
            </props>
        </property>
        <property name="packagesToScan" value="xxx.xxx.domains.authorization" />
    </bean>

    <!-- Configure the transaction manager bean -->

    <bean id="transactionManager" class="org.springframework.orm.jpa.JpaTransactionManager">
        <property name="entityManagerFactory" ref="entityManagerFactory" />
    </bean>

    <!--<tx:annotation-driven />-->

    <!--Scans for all interfaces that extend JpaRepository and creates implementations for use at runtime-->
    <jpa:repositories base-package="xxx.xxx.domains.authorization" />


    <!--aorem: to juz jest wczesniej: <context:component-scan base-package="xxx.xxx.domains.authorization" />-->

    <!--END https://stackoverflow.com/questions/23974249/spring-data-jpa-without-spring-boot-->




    <!--AO dla JPA...?-->
<!--
    <bean class="org.springframework.orm.jpa.JpaTransactionManager">
        <property name="entityManagerFactory" ref="entityManagerFactory" />
    </bean>
-->

<!--
    <bean id="entityManagerFactory"
          class="org.springframework.orm.jpa.LocalContainerEntityManagerFactoryBean">
        <property name="dataSource" ref="dataSource2" />
        <property name="packagesToScan" value="xxx.xxx.domains.authorization" />
        <property name="jpaVendorAdapter">
            <bean class="org.springframework.orm.jpa.vendor.HibernateJpaVendorAdapter">
                <property name="database" value="ORACLE" />
                <property name="generateDdl" value="true" />
            </bean>
        </property>
    </bean>
-->


<!--xxxx    <jpa:repositories base-package="xxx.xxx.domains.authorization"/>





    <bean id="transactionManager"
          class="org.springframework.orm.jpa.JpaTransactionManager"
          p:entityManagerFactory-ref="entityManagerFactory"/>

    <jdbc:embedded-database id="dataSource" type="HSQL">
        <jdbc:script location="classpath:/schema.sql" encoding="UTF-8" />
    </jdbc:embedded-database>

    <bean id="entityManagerFactory"
          class="org.springframework.orm.jpa.LocalContainerEntityManagerFactoryBean"
          p:dataSource-ref="dataSource2"
          p:persistenceUnitName="hsql">
        <property name="jpaVendorAdapter">
            <bean class="org.springframework.orm.jpa.vendor.HibernateJpaVendorAdapter" />
        </property>
    </bean>-->




<!--AO
    <import resource="classpath*:spring/presentation/**/*-config.xml"/>
    <import resource="classpath*:spring/common-config.xml"/>
    <import resource="classpath*:spring/security-config.xml"/>
    <import resource="classpath*:spring/transaction-config.xml"/>
-->


<!--AO    
        <import resource="classpath*:spring/host/*-config.xml"/>
        <import resource="classpath*:spring/dao-config.xml"/>
        <import resource="classpath*:spring/business-config.xml"/>

</beans>