<?xml version="1.0" encoding="UTF-8" ?>
<!DOCTYPE log4j:configuration SYSTEM "log4j.dtd">
<log4j:configuration debug="false"
  xmlns:log4j='http://jakarta.apache.org/log4j/'>

  <!-- APPENDERS -->
  <appender name="APP_LOG_FILE" class="org.apache.log4j.DailyRollingFileAppender">
    <param name="file" value="jaxws-jetty-cxf-logging.log" />
    <param name="DatePattern" value="'.'yyyy-MM-dd" />
    <layout class="org.apache.log4j.PatternLayout">
      <param name="ConversionPattern" value="%d{HH:mm:ss.SSS} %-5p [%t][%c{1}] %m%n" />
    </layout>
  </appender>

  <appender name="WS_LOG_FILE" class="org.apache.log4j.DailyRollingFileAppender">
    <param name="file" value="jaxws-jetty-cxf-logging-ws.log" />
    <param name="DatePattern" value="'.'yyyy-MM-dd" />
    <layout class="org.apache.log4j.PatternLayout">
      <param name="ConversionPattern" value="%d{HH:mm:ss.SSS} %-5p [%t][%c{1}] %m%n" />
    </layout>
  </appender>

  <!-- LOGGERS -->
  <logger name="com.codenotfound.soap.http.cxf">
    <level value="INFO" />
  </logger>

  <logger name="org.springframework">
    <level value="WARN" />
  </logger>
  <logger name="org.apache.cxf">
    <level value="WARN" />
  </logger>

  <!-- level INFO needed to log SOAP messages -->
  <logger name="org.apache.cxf.services" additivity="false">
    <level value="INFO" />
    <!-- specify a dedicated appender for the SOAP messages -->
    <appender-ref ref="WS_LOG_FILE" />
  </logger>

  <root>
    <level value="WARN" />
    <appender-ref ref="APP_LOG_FILE" />
  </root>

</log4j:configuration>