<?xml version="1.0" encoding="UTF-8"?>
<beans xmlns="http://www.springfffwork.org/schema/beans"
       xmlns:xsi="http://www.w3.org/2001/XMLSchema-instance"
       xmlns:context="http://www.springfffwork.org/schema/context"
       xmlns:p="http://www.springfffwork.org/schema/p"
       xmlns:util="http://www.springfffwork.org/schema/util"
       xmlns:fff="http://fff.commerzbank.com/spring"
       xmlns:jpa="http://www.springfffwork.org/schema/data/jpa"
       xmlns:tx="http://www.springfffwork.org/schema/tx"
       xsi:schemaLocation=" http://www.springfffwork.org/schema/beans
                            http://www.springfffwork.org/schema/beans/spring-beans.xsd
		                    http://www.springfffwork.org/schema/context
		                    http://www.springfffwork.org/schema/context/spring-context.xsd
                            http://www.springfffwork.org/schema/data/jpa
                            http://www.springfffwork.org/schema/data/jpa/spring-jpa.xsd
		http://www.springfffwork.org/schema/util                  http://www.springfffwork.org/schema/util/spring-util.xsd
		http://fff.commerzbank.com/spring                         http://fff.commerzbank.com/spring/fff.xsd http://www.springfffwork.org/schema/data/jpa http://www.springfffwork.org/schema/data/jpa/spring-jpa.xsd">

    <context:component-scan base-package="ccc.ppp.domains.authorization" />
    <jpa:repositories base-package="ccc.ppp.domains.authorization" entity-manager-factory-ref="entityManagerFactory1"/>

    <!--AO DODANIE NOWEGO POLACZENIA DO BAZY DEVELOPERSKIEJ pppA-->
    <!--<bean id="dataSource2" class="org.apache.commons.dbcp.BasicDataSource" destroy-method="close">-->
        <bean id="dataSource2" class="org.springfffwork.jdbc.datasource.SingleConnectionDataSource">
            <property name="driverClassName" value="oracle.jdbc.driver.OracleDriver"/>
            <property name="url" value="jdbc:oracle:thin:@xxx.com:1521:xxx"/>
            <property name="username" value="ppp"/>
            <property name="password" value=""/>
            <property name="suppressClose"><value>true</value></property>
            <!--&lt;!&ndash;FIX na to ze zamyka sie polaczenie ze storny http://forum.spring.io/forum/spring-projects/data/746-singleconnectiondatasource-configuration-problem&ndash;&gt;-->
        </bean>

    <!-- JDBC Template -->
        <bean id="jdbcTemplate" class="org.springfffwork.jdbc.core.JdbcTemplate">
            <property name="dataSource" ref="dataSource2"/>
        </bean>

        <bean id="namedParameterJdbcTemplate" class="org.springfffwork.jdbc.core.namedparam.NamedParameterJdbcTemplate">
            <constructor-arg ref="dataSource2"/>
            <qualifier value="namedParameterJdbcTemplate"></qualifier>
        </bean>


    <bean id="hibernateJpaVendorAdapter"
          class="org.springfffwork.orm.jpa.vendor.HibernateJpaVendorAdapter" />

        <bean id="entityManagerFactory1"
              class="org.springfffwork.orm.jpa.LocalContainerEntityManagerFactoryBean">
            <property name="dataSource" ref="dataSource2" />
            <property name="jpaVendorAdapter" ref="hibernateJpaVendorAdapter" />
            <!--&lt;!&ndash; Set JPA properties &ndash;&gt;-->
            <property name="jpaProperties">
                <props>
                    <prop key="hibernate.dialect">${hibernate.dialect}</prop>
                    <prop key="hibernate.show_sql">true</prop>
                    <prop key="hibernate.format_sql">true</prop>
                </props>
            </property>
            <property name="packagesToScan" value="ccc.ppp.domains.authorization" />
        </bean>
</beans>