<configuration>

  <appender name="STDOUT" class="ch.qos.logback.core.ConsoleAppender">
    <encoder>
      <pattern>%d{HH:mm:ss.SSS} [%thread] %-5level %logger{36} - %msg%n</pattern>
    </encoder>
  </appender>

  <logger name="com.codenotfound" level="INFO" />
  <logger name="org.apache.cxf" level="WARN" />
  <logger name="org.springframework" level="WARN" />

  <!-- INFO level is needed to log the SOAP messages -->
  <logger name="org.apache.cxf.services" level="INFO" />

  <root level="WARN">
    <appender-ref ref="STDOUT" />
  </root>

</configuration>
