<?xml version="1.0" encoding="UTF-8"?>
<configuration scan="true" scanPeriod="60 seconds">

  <!-- PROPERTIES -->
  <property name="layout"
    value="%d{HH:mm:ss.SSS} %-5level [%thread][%logger{0}] %m%n" />
  <property name="logFile" value="jaxws-cxf-logging-logback" />
  <property name="logFile-ws" value="jaxws-cxf-logging-logback-ws" />

  <!-- APPENDERS -->
  <appender name="APP_LOG_FILE"
    class="ch.qos.logback.core.rolling.RollingFileAppender">
    <File>${logFile}.log</File>
    <rollingPolicy
      class="ch.qos.logback.core.rolling.TimeBasedRollingPolicy">
      <fileNamePattern>${logFile}.%d{yyyy-MM-dd}.log
      </fileNamePattern>
      <maxHistory>30</maxHistory>
    </rollingPolicy>
    <encoder>
      <pattern>${layout}</pattern>
    </encoder>
  </appender>

  <appender name="WS_LOG_FILE"
    class="ch.qos.logback.core.rolling.RollingFileAppender">
    <file>${logFile-ws}.log</file>
    <rollingPolicy
      class="ch.qos.logback.core.rolling.TimeBasedRollingPolicy">
      <fileNamePattern>${logFile-ws}.%d{yyyy-MM-dd}.log
      </fileNamePattern>
      <maxHistory>30</maxHistory>
    </rollingPolicy>
    <encoder>
      <pattern>${layout}</pattern>
    </encoder>
  </appender>

  <!-- LOGGERS -->
  <logger name="com.codenotfound.soap.http.cxf" level="INFO" />

  <logger name="org.springframework" level="WARN" />
  <logger name="org.apache.cxf" level="WARN" />

  <!-- level INFO needed to log SOAP messages -->
  <logger name="org.apache.cxf.services" level="INFO"
    additivity="false">
    <!-- specify a dedicated appender for the SOAP messages -->
    <appender-ref ref="WS_LOG_FILE" />
  </logger>

  <root level="WARN">
    <appender-ref ref="APP_LOG_FILE" />
  </root>

</configuration>
